﻿<?xml version="1.0" encoding="utf-8"?>
<deployment>
  <id>13a9aeec-8c98-4271-b6d2-817a184ba3b5</id>
  <author>N/A</author>
  <deployer>OneDeploy</deployer>
  <authorEmail>N/A</authorEmail>
  <message>OneDeploy</message>
  <progress></progress>
  <status>Success</status>
  <statusText></statusText>
  <lastSuccessEndTime>2026-02-13T03:32:29.7485639Z</lastSuccessEndTime>
  <receivedTime>2026-02-13T03:32:26.1336378Z</receivedTime>
  <startTime>2026-02-13T03:32:27.5246103Z</startTime>
  <endTime>2026-02-13T03:32:29.7485639Z</endTime>
  <complete>True</complete>
  <is_temp>False</is_temp>
  <is_readonly>True</is_readonly>
  <buildSummary />
</deployment>