<step title="Incoming Request" date="2026-02-13T03:32:19.903" instance="17b79d" url="/api/publish?type=zip&amp;async=False" method="POST" type="request" pid="767,1,29" Accept="*/*" Host="tt-spring-uami-postgres-app.scm.azurewebsites.net" User-Agent="AZURECLI/2.74.0 (MSI)" Accept-Encoding="gzip, deflate" Authorization="Bea..." Cache-Control="no-cache" Content-Type="application/octet-stream" Cookie="ARRAffinity=17b79dc198b96bc89cfebb4cc8c879255c1cccf0c226c50e0740689b87a3d16a; ARRAffinitySameSite=17b79dc198b96bc89cfebb4cc8c879255c1cccf0c226c50e0740689b87a3d16a" Content-Length="62312101" x-ms-client-request-id="93e063c4-088c-11f1-978e-508492b9d024" x-ms-artifact-checksum="c669b2f25f6f983e115fc1fdb2c9b608c77e833e167399d3935846d1c8c0bead" X-ARR-LOG-ID="93e063c4-088c-11f1-978e-508492b9d024" CLIENT-IP="4.194.122.136:19288" X-SITE-DEPLOYMENT-ID="tt-spring-uami-postgres-app" WAS-DEFAULT-HOSTNAME="tt-spring-uami-postgres-app.scm.azurewebsites.net" X-Forwarded-Proto="https" X-AppService-Proto="https" X-Forwarded-TlsVersion="1.3" X-WAWS-Unencoded-URL="/api/publish?type=zip&amp;async=False" X-Client-IP="4.194.122.136" X-Client-Port="19288" >
  <step title="OneDeploy" date="2026-02-13T03:32:19.908" >
    <step title="Starting PushDeployAsync" date="2026-02-13T03:32:19.913" /><!-- duration: 2ms -->
    <step title="Writing artifact to /tmp/zipdeploy/cb73f5ce-4af9-49ad-964e-c4906bf1f4cd.zip" date="2026-02-13T03:32:19.921" >
      <step title="Writing multipart request body to /tmp/zipdeploy/cb73f5ce-4af9-49ad-964e-c4906bf1f4cd.zip" date="2026-02-13T03:32:19.923" /><!-- duration: 6ms -->
    </step><!-- duration: 2425ms -->
    <step title="Attempting to fetch target branch HEAD" date="2026-02-13T03:32:22.379" /><!-- duration: 2ms -->
    <step title="Acquiring Deployment Lock" date="2026-02-13T03:32:22.383" /><!-- duration: 3ms -->
    <step title="Acquired Deployment Lock" date="2026-02-13T03:32:22.409" /><!-- duration: 2ms -->
    <step title="Performing fetch based deployment" date="2026-02-13T03:32:22.417" >
      <step title="Creating temporary deployment" date="2026-02-13T03:32:22.420" /><!-- duration: 58ms -->
      <step title="Releasing Deployment Lock" date="2026-02-13T03:32:23.650" /><!-- duration: 3ms -->
      <step title="Cleaning up temp folders from previous zip deployments and extracting pushed zip file /tmp/zipdeploy/cb73f5ce-4af9-49ad-964e-c4906bf1f4cd.zip (59.43 MB) to /tmp/zipdeploy/extracted" date="2026-02-13T03:32:23.670" >
        <step title="ChmodRecursive Process exited with total time taken in ms: 18" date="2026-02-13T03:32:24.013" /><!-- duration: 2ms -->
      </step><!-- duration: 348ms -->
      <step title="None repository commit" date="2026-02-13T03:32:24.020" >
        <step title="Commit id: 13a9aeec-8c98-4271-b6d2-817a184ba3b5" date="2026-02-13T03:32:24.021" Message="OneDeploy" AuthorName="N/A" AuthorEmail="N/A" /><!-- duration: 5ms -->
      </step><!-- duration: 9ms -->
      <step title="Deployment timer started" date="2026-02-13T03:32:26.033" >
        <step title="DeploymentManager.Deploy(id:13a9aeec-8c98-4271-b6d2-817a184ba3b5)" date="2026-02-13T03:32:26.052" >
          <step title="Collecting changeset information" date="2026-02-13T03:32:26.087" /><!-- duration: 113ms -->
          <step title="Updating submodules" date="2026-02-13T03:32:26.204" /><!-- duration: 1158ms -->
          <step title="Determining deployment builder" date="2026-02-13T03:32:27.611" >
            <step title="Builder is OneDeployBuilder" date="2026-02-13T03:32:27.625" /><!-- duration: 2ms -->
          </step><!-- duration: 17ms -->
          <step title="PreDeployment: context.CleanOutputPath False" date="2026-02-13T03:32:27.692" >
            <step title="PreDeployment: context.OutputPath /home/site/wwwroot" date="2026-02-13T03:32:27.825" >
              <step title="Building" date="2026-02-13T03:32:27.976" >
                <step title="Executing external process" date="2026-02-13T03:32:28.579" type="process" path="starter.sh" arguments="/opt/Kudu/Scripts/parallel_rsync.sh /tmp/zipdeploy/extracted /home/site/wwwroot 8 /tmp/ False False  " /><!-- duration: 322ms -->
                <step title="Modified file to trigger a restart of the app container." date="2026-02-13T03:32:29.340" /><!-- duration: 2ms -->
                <step title="Skip function trigger and logicapp sync because function is not enabled." date="2026-02-13T03:32:29.345" /><!-- duration: 2ms -->
              </step><!-- duration: 2144ms -->
            </step><!-- duration: 2297ms -->
            <step title="Cleaning up temp files" date="2026-02-13T03:32:30.124" /><!-- duration: 2ms -->
            <step title="Cleaning up temp files" date="2026-02-13T03:32:30.131" /><!-- duration: 504ms -->
            <step title="Reloading status file with latest updates" date="2026-02-13T03:32:30.665" >
              <step title="WebHooksManager.PublishEventAsync: PostDeployment" date="2026-02-13T03:32:30.668" /><!-- duration: 25ms -->
            </step><!-- duration: 29ms -->
            <step title="Cleaning up temporary deployment - fetch deployment was successful" date="2026-02-13T03:32:30.700" /><!-- duration: 4ms -->
          </step><!-- duration: 3091ms -->
        </step><!-- duration: 4733ms -->
        <step title="Outgoing response" date="2026-02-13T03:32:30.787" type="response" statusCode="200" statusText="OK" /><!-- duration: 2ms -->
      </step><!-- duration: 4758ms -->
