<step title="Incoming Request" date="2026-02-13T03:48:11.998" instance="17b79d" url="/api/publish?type=zip&amp;async=False" method="POST" type="request" pid="768,1,16" Accept="*/*" Host="tt-spring-uami-postgres-app.scm.azurewebsites.net" User-Agent="AZURECLI/2.74.0 (MSI)" Accept-Encoding="gzip, deflate" Authorization="Bea..." Cache-Control="no-cache" Content-Type="application/octet-stream" Cookie="ARRAffinity=17b79dc198b96bc89cfebb4cc8c879255c1cccf0c226c50e0740689b87a3d16a; ARRAffinitySameSite=17b79dc198b96bc89cfebb4cc8c879255c1cccf0c226c50e0740689b87a3d16a" Content-Length="62312031" x-ms-client-request-id="cd3ff3a9-088e-11f1-ab4a-508492b9d024" x-ms-artifact-checksum="f2866fe2149ee47c0d5fe98177eaebae843cc3775dad920c7f9971fd602e33f4" X-ARR-LOG-ID="cd3ff3a9-088e-11f1-ab4a-508492b9d024" CLIENT-IP="4.194.122.162:26771" X-SITE-DEPLOYMENT-ID="tt-spring-uami-postgres-app" WAS-DEFAULT-HOSTNAME="tt-spring-uami-postgres-app.scm.azurewebsites.net" X-Forwarded-Proto="https" X-AppService-Proto="https" X-Forwarded-TlsVersion="1.3" X-WAWS-Unencoded-URL="/api/publish?type=zip&amp;async=False" X-Client-IP="4.194.122.162" X-Client-Port="26771" >
  <step title="OneDeploy" date="2026-02-13T03:48:12.020" >
    <step title="None repository commit" date="2026-02-13T03:48:12.028" >
      <step title="Commit id: e51c3a4c-c0d1-487c-8c84-ca2ca6e03693" date="2026-02-13T03:48:12.032" Message="N/A" AuthorName="N/A" AuthorEmail="N/A" /><!-- duration: 2ms -->
    </step><!-- duration: 10ms -->
    <step title="Starting PushDeployAsync" date="2026-02-13T03:48:12.039" /><!-- duration: 2ms -->
    <step title="Writing artifact to /tmp/zipdeploy/efce06a5-72aa-4ec7-aa0d-4989e82fc657.zip" date="2026-02-13T03:48:12.059" >
      <step title="Writing multipart request body to /tmp/zipdeploy/efce06a5-72aa-4ec7-aa0d-4989e82fc657.zip" date="2026-02-13T03:48:12.064" /><!-- duration: 2ms -->
    </step><!-- duration: 2326ms -->
    <step title="Attempting to fetch target branch HEAD" date="2026-02-13T03:48:14.394" /><!-- duration: 2ms -->
    <step title="Acquiring Deployment Lock" date="2026-02-13T03:48:14.400" /><!-- duration: 2ms -->
    <step title="Acquired Deployment Lock" date="2026-02-13T03:48:14.430" /><!-- duration: 2ms -->
    <step title="Performing fetch based deployment" date="2026-02-13T03:48:14.439" >
      <step title="Creating temporary deployment" date="2026-02-13T03:48:14.442" /><!-- duration: 39ms -->
      <step title="Releasing Deployment Lock" date="2026-02-13T03:48:15.644" /><!-- duration: 3ms -->
      <step title="Cleaning up temp folders from previous zip deployments and extracting pushed zip file /tmp/zipdeploy/efce06a5-72aa-4ec7-aa0d-4989e82fc657.zip (59.43 MB) to /tmp/zipdeploy/extracted" date="2026-02-13T03:48:15.669" >
        <step title="ChmodRecursive Process exited with total time taken in ms: 18" date="2026-02-13T03:48:15.991" /><!-- duration: 3ms -->
      </step><!-- duration: 327ms -->
      <step title="None repository commit" date="2026-02-13T03:48:16.000" >
        <step title="Commit id: e51c3a4c-c0d1-487c-8c84-ca2ca6e03693" date="2026-02-13T03:48:16.001" Message="OneDeploy" AuthorName="N/A" AuthorEmail="N/A" /><!-- duration: 2ms -->
      </step><!-- duration: 5ms -->
      <step title="Deployment timer started" date="2026-02-13T03:48:18.008" >
        <step title="DeploymentManager.Deploy(id:e51c3a4c-c0d1-487c-8c84-ca2ca6e03693)" date="2026-02-13T03:48:18.012" >
          <step title="Collecting changeset information" date="2026-02-13T03:48:18.019" /><!-- duration: 83ms -->
          <step title="Updating submodules" date="2026-02-13T03:48:18.106" /><!-- duration: 1156ms -->
          <step title="Determining deployment builder" date="2026-02-13T03:48:19.488" >
            <step title="Builder is OneDeployBuilder" date="2026-02-13T03:48:19.494" /><!-- duration: 2ms -->
          </step><!-- duration: 38ms -->
          <step title="PreDeployment: context.CleanOutputPath False" date="2026-02-13T03:48:19.581" >
            <step title="PreDeployment: context.OutputPath /home/site/wwwroot" date="2026-02-13T03:48:19.695" >
              <step title="Building" date="2026-02-13T03:48:19.834" >
                <step title="Executing external process" date="2026-02-13T03:48:20.313" type="process" path="starter.sh" arguments="/opt/Kudu/Scripts/parallel_rsync.sh /tmp/zipdeploy/extracted /home/site/wwwroot 8 /tmp/ False False  " /><!-- duration: 2648ms -->
                <step title="Modified file to trigger a restart of the app container." date="2026-02-13T03:48:23.355" /><!-- duration: 3ms -->
                <step title="Skip function trigger and logicapp sync because function is not enabled." date="2026-02-13T03:48:23.362" /><!-- duration: 3ms -->
              </step><!-- duration: 4321ms -->
            </step><!-- duration: 4465ms -->
            <step title="Cleaning up temp files" date="2026-02-13T03:48:24.163" /><!-- duration: 3ms -->
            <step title="Cleaning up temp files" date="2026-02-13T03:48:24.172" /><!-- duration: 503ms -->
            <step title="Reloading status file with latest updates" date="2026-02-13T03:48:24.692" >
              <step title="WebHooksManager.PublishEventAsync: PostDeployment" date="2026-02-13T03:48:24.695" /><!-- duration: 35ms -->
            </step><!-- duration: 40ms -->
            <step title="Cleaning up temporary deployment - fetch deployment was successful" date="2026-02-13T03:48:24.750" /><!-- duration: 6ms -->
          </step><!-- duration: 5252ms -->
        </step><!-- duration: 6827ms -->
        <step title="Outgoing response" date="2026-02-13T03:48:24.843" type="response" statusCode="200" statusText="OK" /><!-- duration: 2ms -->
      </step><!-- duration: 6846ms -->
