<step title="Incoming Request" date="2026-02-13T03:15:49.464" instance="17b79d" url="/api/publish?type=zip&amp;async=False" method="POST" type="request" pid="767,1,20" Accept="*/*" Host="tt-spring-uami-postgres-app.scm.azurewebsites.net" User-Agent="AZURECLI/2.74.0 (MSI)" Accept-Encoding="gzip, deflate" Authorization="Bea..." Cache-Control="no-cache" Content-Type="application/octet-stream" Cookie="ARRAffinity=17b79dc198b96bc89cfebb4cc8c879255c1cccf0c226c50e0740689b87a3d16a; ARRAffinitySameSite=17b79dc198b96bc89cfebb4cc8c879255c1cccf0c226c50e0740689b87a3d16a" Content-Length="62312101" x-ms-client-request-id="45c87abd-088a-11f1-bf76-508492b9d024" x-ms-artifact-checksum="c669b2f25f6f983e115fc1fdb2c9b608c77e833e167399d3935846d1c8c0bead" X-ARR-LOG-ID="45c87abd-088a-11f1-bf76-508492b9d024" CLIENT-IP="4.194.122.162:41039" X-SITE-DEPLOYMENT-ID="tt-spring-uami-postgres-app" WAS-DEFAULT-HOSTNAME="tt-spring-uami-postgres-app.scm.azurewebsites.net" X-Forwarded-Proto="https" X-AppService-Proto="https" X-Forwarded-TlsVersion="1.3" X-WAWS-Unencoded-URL="/api/publish?type=zip&amp;async=False" X-Client-IP="4.194.122.162" X-Client-Port="41039" >
  <step title="OneDeploy" date="2026-02-13T03:15:49.541" >
    <step title="None repository commit" date="2026-02-13T03:15:49.550" >
      <step title="Commit id: 082e7f2c-a0b8-4b23-8b3e-728fef1bd5a6" date="2026-02-13T03:15:49.552" Message="N/A" AuthorName="N/A" AuthorEmail="N/A" /><!-- duration: 2ms -->
    </step><!-- duration: 6ms -->
    <step title="Starting PushDeployAsync" date="2026-02-13T03:15:49.559" /><!-- duration: 3ms -->
    <step title="Writing artifact to /tmp/zipdeploy/ab726ce4-d458-44fa-a7c0-0a988b183d4c.zip" date="2026-02-13T03:15:49.570" >
      <step title="Writing multipart request body to /tmp/zipdeploy/ab726ce4-d458-44fa-a7c0-0a988b183d4c.zip" date="2026-02-13T03:15:49.573" /><!-- duration: 4ms -->
    </step><!-- duration: 3184ms -->
    <step title="Attempting to fetch target branch HEAD" date="2026-02-13T03:15:52.784" /><!-- duration: 2ms -->
    <step title="Acquiring Deployment Lock" date="2026-02-13T03:15:52.788" /><!-- duration: 2ms -->
    <step title="Acquired Deployment Lock" date="2026-02-13T03:15:52.814" /><!-- duration: 3ms -->
    <step title="Performing fetch based deployment" date="2026-02-13T03:15:52.823" >
      <step title="Creating temporary deployment" date="2026-02-13T03:15:52.825" /><!-- duration: 79ms -->
      <step title="Releasing Deployment Lock" date="2026-02-13T03:15:54.098" /><!-- duration: 3ms -->
      <step title="Cleaning up temp folders from previous zip deployments and extracting pushed zip file /tmp/zipdeploy/ab726ce4-d458-44fa-a7c0-0a988b183d4c.zip (59.43 MB) to /tmp/zipdeploy/extracted" date="2026-02-13T03:15:54.128" >
        <step title="ChmodRecursive Process exited with total time taken in ms: 553" date="2026-02-13T03:15:55.008" /><!-- duration: 4ms -->
      </step><!-- duration: 887ms -->
      <step title="None repository commit" date="2026-02-13T03:15:55.044" >
        <step title="Commit id: 082e7f2c-a0b8-4b23-8b3e-728fef1bd5a6" date="2026-02-13T03:15:55.047" Message="OneDeploy" AuthorName="N/A" AuthorEmail="N/A" /><!-- duration: 2ms -->
      </step><!-- duration: 7ms -->
      <step title="Deployment timer started" date="2026-02-13T03:15:57.055" >
        <step title="DeploymentManager.Deploy(id:082e7f2c-a0b8-4b23-8b3e-728fef1bd5a6)" date="2026-02-13T03:15:57.060" >
          <step title="Collecting changeset information" date="2026-02-13T03:15:57.069" /><!-- duration: 84ms -->
          <step title="Updating submodules" date="2026-02-13T03:15:57.159" /><!-- duration: 1138ms -->
          <step title="Determining deployment builder" date="2026-02-13T03:15:58.540" >
            <step title="Builder is OneDeployBuilder" date="2026-02-13T03:15:58.548" /><!-- duration: 2ms -->
          </step><!-- duration: 13ms -->
          <step title="PreDeployment: context.CleanOutputPath False" date="2026-02-13T03:15:58.599" >
            <step title="PreDeployment: context.OutputPath /home/site/wwwroot" date="2026-02-13T03:15:58.721" >
              <step title="Building" date="2026-02-13T03:15:58.895" >
                <step title="Executing external process" date="2026-02-13T03:15:59.373" type="process" path="starter.sh" arguments="/opt/Kudu/Scripts/parallel_rsync.sh /tmp/zipdeploy/extracted /home/site/wwwroot 8 /tmp/ False False  " /><!-- duration: 2879ms -->
                <step title="Modified file to trigger a restart of the app container." date="2026-02-13T03:16:02.750" /><!-- duration: 3ms -->
                <step title="Skip function trigger and logicapp sync because function is not enabled." date="2026-02-13T03:16:02.757" /><!-- duration: 2ms -->
              </step><!-- duration: 4557ms -->
            </step><!-- duration: 4743ms -->
            <step title="Cleaning up temp files" date="2026-02-13T03:16:03.476" /><!-- duration: 9ms -->
            <step title="Cleaning up temp files" date="2026-02-13T03:16:03.488" /><!-- duration: 512ms -->
            <step title="Reloading status file with latest updates" date="2026-02-13T03:16:04.060" >
              <step title="WebHooksManager.PublishEventAsync: PostDeployment" date="2026-02-13T03:16:04.071" /><!-- duration: 54ms -->
            </step><!-- duration: 66ms -->
            <step title="Cleaning up temporary deployment - fetch deployment was successful" date="2026-02-13T03:16:04.130" /><!-- duration: 3ms -->
          </step><!-- duration: 5622ms -->
        </step><!-- duration: 7174ms -->
        <step title="Outgoing response" date="2026-02-13T03:16:04.261" type="response" statusCode="200" statusText="OK" /><!-- duration: 8ms -->
      </step><!-- duration: 7217ms -->
