<step title="Incoming Request" date="2026-02-13T03:56:42.821" instance="17b79d" url="/api/publish?type=zip&amp;async=False" method="POST" type="request" pid="768,1,18" Accept="*/*" Host="tt-spring-uami-postgres-app.scm.azurewebsites.net" User-Agent="AZURECLI/2.74.0 (MSI)" Accept-Encoding="gzip, deflate" Authorization="Bea..." Cache-Control="no-cache" Content-Type="application/octet-stream" Cookie="ARRAffinity=17b79dc198b96bc89cfebb4cc8c879255c1cccf0c226c50e0740689b87a3d16a; ARRAffinitySameSite=17b79dc198b96bc89cfebb4cc8c879255c1cccf0c226c50e0740689b87a3d16a" Content-Length="62312068" x-ms-client-request-id="fe62f856-088f-11f1-8b3c-508492b9d024" x-ms-artifact-checksum="8c03307c43993edb61ccd3bca6dc7bc79d1752fec9ee27b19c8341e3a4ecf5b3" X-ARR-LOG-ID="fe62f856-088f-11f1-8b3c-508492b9d024" CLIENT-IP="4.194.122.136:54027" X-SITE-DEPLOYMENT-ID="tt-spring-uami-postgres-app" WAS-DEFAULT-HOSTNAME="tt-spring-uami-postgres-app.scm.azurewebsites.net" X-Forwarded-Proto="https" X-AppService-Proto="https" X-Forwarded-TlsVersion="1.3" X-WAWS-Unencoded-URL="/api/publish?type=zip&amp;async=False" X-Client-IP="4.194.122.136" X-Client-Port="54027" >
  <step title="OneDeploy" date="2026-02-13T03:56:42.832" >
    <step title="Starting PushDeployAsync" date="2026-02-13T03:56:42.838" /><!-- duration: 2ms -->
    <step title="Writing artifact to /tmp/zipdeploy/c56773d4-485c-4375-8684-9ec71754c419.zip" date="2026-02-13T03:56:42.848" >
      <step title="Writing multipart request body to /tmp/zipdeploy/c56773d4-485c-4375-8684-9ec71754c419.zip" date="2026-02-13T03:56:42.851" /><!-- duration: 5ms -->
    </step><!-- duration: 2531ms -->
    <step title="Attempting to fetch target branch HEAD" date="2026-02-13T03:56:45.388" /><!-- duration: 2ms -->
    <step title="Acquiring Deployment Lock" date="2026-02-13T03:56:45.396" /><!-- duration: 2ms -->
    <step title="Acquired Deployment Lock" date="2026-02-13T03:56:45.429" /><!-- duration: 3ms -->
    <step title="Performing fetch based deployment" date="2026-02-13T03:56:45.435" >
      <step title="Creating temporary deployment" date="2026-02-13T03:56:45.438" /><!-- duration: 53ms -->
      <step title="Releasing Deployment Lock" date="2026-02-13T03:56:46.746" /><!-- duration: 5ms -->
      <step title="Cleaning up temp folders from previous zip deployments and extracting pushed zip file /tmp/zipdeploy/c56773d4-485c-4375-8684-9ec71754c419.zip (59.43 MB) to /tmp/zipdeploy/extracted" date="2026-02-13T03:56:46.773" >
        <step title="ChmodRecursive Process exited with total time taken in ms: 11" date="2026-02-13T03:56:47.095" /><!-- duration: 4ms -->
      </step><!-- duration: 348ms -->
      <step title="None repository commit" date="2026-02-13T03:56:47.123" >
        <step title="Commit id: c6f9ec03-bbe6-4ce6-b3c7-addc5c6cc932" date="2026-02-13T03:56:47.125" Message="OneDeploy" AuthorName="N/A" AuthorEmail="N/A" /><!-- duration: 1ms -->
      </step><!-- duration: 5ms -->
      <step title="Deployment timer started" date="2026-02-13T03:56:49.131" >
        <step title="DeploymentManager.Deploy(id:c6f9ec03-bbe6-4ce6-b3c7-addc5c6cc932)" date="2026-02-13T03:56:49.135" >
          <step title="Collecting changeset information" date="2026-02-13T03:56:49.143" /><!-- duration: 118ms -->
          <step title="Updating submodules" date="2026-02-13T03:56:49.266" /><!-- duration: 1146ms -->
          <step title="Determining deployment builder" date="2026-02-13T03:56:50.699" >
            <step title="Builder is OneDeployBuilder" date="2026-02-13T03:56:50.706" /><!-- duration: 2ms -->
          </step><!-- duration: 15ms -->
          <step title="PreDeployment: context.CleanOutputPath False" date="2026-02-13T03:56:50.773" >
            <step title="PreDeployment: context.OutputPath /home/site/wwwroot" date="2026-02-13T03:56:50.924" >
              <step title="Building" date="2026-02-13T03:56:51.057" >
                <step title="Executing external process" date="2026-02-13T03:56:51.606" type="process" path="starter.sh" arguments="/opt/Kudu/Scripts/parallel_rsync.sh /tmp/zipdeploy/extracted /home/site/wwwroot 8 /tmp/ False False  " /><!-- duration: 2880ms -->
                <step title="Modified file to trigger a restart of the app container." date="2026-02-13T03:56:54.947" /><!-- duration: 6ms -->
                <step title="Skip function trigger and logicapp sync because function is not enabled." date="2026-02-13T03:56:54.955" /><!-- duration: 2ms -->
              </step><!-- duration: 4802ms -->
            </step><!-- duration: 4942ms -->
            <step title="Cleaning up temp files" date="2026-02-13T03:56:55.872" /><!-- duration: 2ms -->
            <step title="Cleaning up temp files" date="2026-02-13T03:56:55.877" /><!-- duration: 503ms -->
            <step title="Reloading status file with latest updates" date="2026-02-13T03:56:56.414" >
              <step title="WebHooksManager.PublishEventAsync: PostDeployment" date="2026-02-13T03:56:56.416" /><!-- duration: 30ms -->
            </step><!-- duration: 34ms -->
            <step title="Cleaning up temporary deployment - fetch deployment was successful" date="2026-02-13T03:56:56.451" /><!-- duration: 4ms -->
          </step><!-- duration: 5771ms -->
        </step><!-- duration: 7412ms -->
        <step title="Outgoing response" date="2026-02-13T03:56:56.549" type="response" statusCode="200" statusText="OK" /><!-- duration: 3ms -->
      </step><!-- duration: 7424ms -->
