﻿<?xml version="1.0" encoding="utf-8"?>
<deployment>
  <id>c6f9ec03-bbe6-4ce6-b3c7-addc5c6cc932</id>
  <author>N/A</author>
  <deployer>OneDeploy</deployer>
  <authorEmail>N/A</authorEmail>
  <message>OneDeploy</message>
  <progress></progress>
  <status>Success</status>
  <statusText></statusText>
  <lastSuccessEndTime>2026-02-13T03:56:55.3376333Z</lastSuccessEndTime>
  <receivedTime>2026-02-13T03:56:49.1892393Z</receivedTime>
  <startTime>2026-02-13T03:56:50.625947Z</startTime>
  <endTime>2026-02-13T03:56:55.3376333Z</endTime>
  <complete>True</complete>
  <is_temp>False</is_temp>
  <is_readonly>True</is_readonly>
  <buildSummary />
</deployment>