﻿<?xml version="1.0" encoding="utf-8"?>
<deployment>
  <id>e51c3a4c-c0d1-487c-8c84-ca2ca6e03693</id>
  <author>N/A</author>
  <deployer>OneDeploy</deployer>
  <authorEmail>N/A</authorEmail>
  <message>OneDeploy</message>
  <progress></progress>
  <status>Success</status>
  <statusText></statusText>
  <lastSuccessEndTime>2026-02-13T03:48:23.7356089Z</lastSuccessEndTime>
  <receivedTime>2026-02-13T03:48:18.0493963Z</receivedTime>
  <startTime>2026-02-13T03:48:19.4092002Z</startTime>
  <endTime>2026-02-13T03:48:23.7356089Z</endTime>
  <complete>True</complete>
  <is_temp>False</is_temp>
  <is_readonly>True</is_readonly>
  <buildSummary />
</deployment>