﻿<?xml version="1.0" encoding="utf-8"?>
<deployment>
  <id>082e7f2c-a0b8-4b23-8b3e-728fef1bd5a6</id>
  <author>N/A</author>
  <deployer>OneDeploy</deployer>
  <authorEmail>N/A</authorEmail>
  <message>OneDeploy</message>
  <progress></progress>
  <status>Success</status>
  <statusText></statusText>
  <lastSuccessEndTime>2026-02-13T03:16:03.1195162Z</lastSuccessEndTime>
  <receivedTime>2026-02-13T03:15:57.0935274Z</receivedTime>
  <startTime>2026-02-13T03:15:58.4746216Z</startTime>
  <endTime>2026-02-13T03:16:03.1195162Z</endTime>
  <complete>True</complete>
  <is_temp>False</is_temp>
  <is_readonly>True</is_readonly>
  <buildSummary />
</deployment>